before,after
7.86797529365867,12.5558566960759
5.05680367373861,4.64585064477258
6.91849324363284,6.54155624051922
5.21289924811572,8.8384233756376
5.3250763816759,6.47126316931292
6.6218784453813,7.98991722569069
