control,treated
0.808799329685532,0.224463689919502
0.715022243304579,0.197707870118008
0.585815382555567,0.153039337936788
